experiment_id,task,dataset,seed,split_summary,window_size,horizon,model_summary,features_summary,scaler,optimizer,lr,epochs_trained,best_val_mae,best_val_rmse,best_val_mape,test_mae,test_rmse,test_mape,notes
B1,forecasting,S12-hw-dataset,47,65/17.5/17.5 (Temporal),N/A,1,naive-last,y_{t-1},None,,0.0,0,6.520330429077148,8.245376678616061,4.499579429626465,6.330397129058838,8.069220056293826,4.165868759155273,Baseline -> y_t = y_{t-1}
B2,forecasting,S12-hw-dataset,47,65/17.5/17.5 (Temporal),7,1,Moving Average (w=7),SlidingMean(7),None,,0.0,0,12.611083030700684,15.04543645365779,8.869319915771484,12.838513374328613,15.362841753343723,8.662246704101562,Sliding window mean size 7
B3,forecasting,S12-hw-dataset,47,65/17.5/17.5 (Temporal),N/A,1,Ridge Regression,"Lags(1,7,14), RollMean(7), RollStd(7), Time features",StandardScaler,Closed-form,0.0,0,5.832266514349317,7.385780126432549,3.988884079309321,5.759062482450057,7.4092216766017165,3.746417250110403,Linear model with engineered features
R1,forecasting,S12-hw-dataset,47,65/17.5/17.5 (Temporal),36,1,GRU Neural Network,Raw scaled sequence,StandardScaler,Adam,0.002,20,5.108063220977783,6.682674485200255,3.509145975112915,5.489541053771973,7.166017754326476,3.5947751998901367,"Hidden size 64, Best Val Loss 0.1354"
O1_LSTM,forecasting,S12-hw-dataset,47,65/17.5/17.5 (Temporal),36,1,LSTM Neural Network,Raw scaled sequence,StandardScaler,Adam,0.002,20,5.813611030578613,7.368323973683048,3.941373586654663,7.181020736694336,8.911758593181512,4.665472507476807,"LSTM hidden=64, Best Val Loss 0.1580"
O2_ws12,forecasting,S12-hw-dataset,47,65/17.5/17.5 (Temporal),12,1,GRU (window_size=12),Raw scaled sequence,StandardScaler,Adam,0.002,20,5.979540824890137,7.474145448759275,4.07413911819458,6.326837539672852,8.056741713380962,4.133942127227783,"Window size search, ws=12"
O2_ws24,forecasting,S12-hw-dataset,47,65/17.5/17.5 (Temporal),24,1,GRU (window_size=24),Raw scaled sequence,StandardScaler,Adam,0.002,20,5.559902667999268,7.133012516020909,3.7502732276916504,6.741766452789307,8.512314347134602,4.315745830535889,"Window size search, ws=24"
O2_ws36,forecasting,S12-hw-dataset,47,65/17.5/17.5 (Temporal),36,1,GRU (window_size=36),Raw scaled sequence,StandardScaler,Adam,0.002,20,5.108063220977783,6.682674485200255,3.509145975112915,5.489541053771973,7.166017754326476,3.5947751998901367,"Window size search, ws=36"
O3_GBR,forecasting,S12-hw-dataset,47,65/17.5/17.5 (Temporal),N/A,1,Gradient Boosting Regression,"Lags(1,7,14), RollMean(7), RollStd(7), Time features",StandardScaler,GradientBoosting,0.0,0,6.711562076273023,8.406834220900949,4.495341831535536,9.199834854311119,11.06747329277833,5.849009262922335,"n_estimators=300, max_depth=4, lr=0.05, subsample=0.8"
